<?xml version="1.0" encoding="UTF-8"?>
<feature
      id="com.ibm.kt.setfiledagainst.calculated.value.provider.feature"
      label="KT Set Filed Against Feature"
      version="1.0.0.qualifier"
      provider-name="Ian Wark">

   <description url="http://www.example.com/description">
      Sets the Filed Against field in PMR Review and KT One On One records using the value of the Owned By attribute. Also adds logging to check that team areas are set up correctly and validation messages that are easier for users to understand. By setting the Filed Against we are able to implement additional security without the need to create access groups on a server level. The security will be very granular. We can specify who can see and edit records for whoever is set in Owned By.
   </description>

   <copyright url="http://www.example.com/copyright">
      [Enter Copyright Description here.]
   </copyright>

   <license url="http://www.example.com/license">
      [Enter License Description here.]
   </license>

   <requires>
      <import feature="com.ibm.team.foundation.common.jfs.feature" version="1.1.2000.v20151009_1716"/>
      <import feature="com.ibm.team.process.common.jfs.feature" version="1.2.2000.v20150924_0506"/>
      <import feature="com.ibm.team.repository.common.jfs.feature" version="1.1.2000.v20151021_1850"/>
      <import feature="com.ibm.team.workitem.common.rtc.feature" version="3.2.500.v20151106_0300"/>
   </requires>

   <plugin
         id="com.ibm.kt.setfiledagainst.calculated.value.provider"
         download-size="0"
         install-size="0"
         version="0.0.0"
         unpack="false"/>

</feature>
